{"current":{"sections":{"announcement-bar":{"type":"announcement-bar","blocks":{"announcement-bar-0":{"type":"announcement","settings":{"text":"Welcome to our store","color_scheme":"accent-2","link":""}}},"block_order":["announcement-bar-0"],"settings":{}},"header":{"type":"header","settings":{"color_scheme":"background-1","logo_width":70,"logo_position":"middle-left","menu":"main-menu","show_line_separator":false,"enable_sticky_header":true,"margin_bottom":0}},"footer":{"type":"footer","blocks":{"footer-0":{"type":"image","settings":{"image_width":80,"alignment":"center"}},"footer-1":{"type":"link_list","settings":{"heading":"Quick links","menu":"footer"}},"footer-2":{"type":"text","settings":{"heading":"Our mission","subtext":"<p>Share contact information, store details, and brand content with your customers.<\/p>"}}},"block_order":["footer-0","footer-1","footer-2"],"settings":{"color_scheme":"accent-1","newsletter_enable":false,"newsletter_heading":"Subscribe to our emails","show_social":true,"enable_country_selector":true,"enable_language_selector":true,"payment_enable":true,"margin_top":0,"padding_top":64,"padding_bottom":36}},"main-password-header":{"type":"main-password-header","settings":{"logo_max_width":70}},"main-password-footer":{"type":"main-password-footer","settings":{}}},"content_for_index":[],"blocks":{"17461979806873928859":{"type":"shopify:\/\/apps\/shop-instagram-ugc\/blocks\/block.rework.embed\/af4b13c8-5fdf-4065-8045-d1fe22f45f5a","disabled":false,"settings":{}},"15796953133730294439":{"type":"shopify:\/\/apps\/growave-loyalty-wishlist-3\/blocks\/block.embed.socialshopwave-helper\/b3d2efbe-110a-4e27-84a8-1f2ed63996a4","disabled":true,"settings":{}}}}}