{"sections":{"cart-items":{"type":"main-cart-items","settings":{"padding_top":0,"padding_bottom":24}},"cart-footer":{"type":"main-cart-footer","blocks":{"subtotal":{"type":"subtotal","settings":{}},"buttons":{"type":"buttons","settings":{}}},"block_order":["subtotal","buttons"],"settings":{"show_cart_note":true}},"featured-collection":{"type":"featured-collection","settings":{"collection":"all","image_ratio":"square","padding_bottom":96}}},"order":["cart-items","cart-footer","featured-collection"]}