{"sections":{"main-collection-banner":{"type":"main-collection-banner","settings":{}},"product-grid":{"type":"main-collection-product-grid","settings":{"products_per_page":20,"show_secondary_image":true,"padding_top":0,"padding_bottom":24}},"newsletter":{"type":"newsletter","blocks":{"newsletter-heading":{"type":"heading","settings":{}},"newsletter-paragraph":{"type":"paragraph","settings":{}},"newsletter-email_form":{"type":"email_form","settings":{}}},"block_order":["newsletter-heading","newsletter-paragraph","newsletter-email_form"],"settings":{"color_scheme":"background-2","full_width":false,"padding_top":40,"padding_bottom":52}},"featured-blog":{"type":"featured-blog","settings":{"show_view_all":false,"padding_bottom":52}}},"order":["main-collection-banner","product-grid","newsletter","featured-blog"]}