{"sections":{"slideshow":{"type":"slideshow","blocks":{"slideshow-slide-0":{"type":"slide","settings":{"heading":"Image slide","heading_size":"medium","subheading":"Tell your brand's story through images","button_label":"Button label","link":"","button_style_secondary":true,"box_align":"middle-left","show_text_box":true,"text_alignment":"left","image_overlay_opacity":0,"color_scheme":"background-1","text_alignment_mobile":"center"}},"slideshow-slide-1":{"type":"slide","settings":{"heading":"Image slide","heading_size":"medium","subheading":"Tell your brand's story through images","button_label":"Button label","link":"","button_style_secondary":true,"box_align":"middle-left","show_text_box":true,"text_alignment":"left","image_overlay_opacity":0,"color_scheme":"background-1","text_alignment_mobile":"center"}}},"block_order":["slideshow-slide-0","slideshow-slide-1"],"settings":{"layout":"full_bleed","slide_height":"medium","slider_visual":"counter","auto_rotate":false,"change_slides_speed":5,"show_text_below":true,"accessibility_info":"Slideshow about our brand"}},"featured_collection":{"type":"featured-collection","settings":{"title":"Featured collection","collection":"all","products_to_show":8,"color_scheme":"background-1","show_view_all":false,"swipe_on_mobile":true,"image_ratio":"square","show_secondary_image":false,"show_vendor":false,"show_rating":false,"padding_top":16,"padding_bottom":0}},"collage":{"type":"collage","blocks":{"collage-collection-0":{"type":"collection","settings":{"collection":""}},"collage-collection-1":{"type":"collection","settings":{"collection":""}},"collage-collection-2":{"type":"collection","settings":{"collection":""}}},"block_order":["collage-collection-0","collage-collection-1","collage-collection-2"],"settings":{"heading":"Multimedia collage","desktop_layout":"right","mobile_layout":"collage","color_scheme":"background-1","padding_top":0,"padding_bottom":24}},"image-with-text-0":{"type":"image-with-text","blocks":{"image-with-text-0--heading":{"type":"heading","settings":{"heading":"Image with text","heading_size":"h1"}},"image-with-text-0--text":{"type":"text","settings":{"text":"<p>Pair text with an image to focus on your chosen product, collection, or blog post. Add details on availability, style, or even provide a review.<\/p>","text_style":"body"}},"image-with-text-0--button":{"type":"button","settings":{"button_label":"Button label","button_link":""}}},"block_order":["image-with-text-0--heading","image-with-text-0--text","image-with-text-0--button"],"settings":{"height":"adapt","desktop_image_width":"medium","layout":"image_first","desktop_content_position":"middle","desktop_content_alignment":"left","content_layout":"no-overlap","color_scheme":"background-1","mobile_content_alignment":"left","padding_top":0,"padding_bottom":36}},"newsletter":{"type":"newsletter","blocks":{"newsletter-heading":{"type":"heading","settings":{"heading":"Subscribe to our emails"}},"newsletter-paragraph":{"type":"paragraph","settings":{"text":"<p>Be the first to know about new collections and exclusive offers.<\/p>"}},"newsletter-email_form":{"type":"email_form","settings":{}}},"block_order":["newsletter-heading","newsletter-paragraph","newsletter-email_form"],"settings":{"color_scheme":"background-2","full_width":false,"padding_top":40,"padding_bottom":52}},"image-with-text-1":{"type":"image-with-text","blocks":{"image-with-text-1-heading":{"type":"heading","settings":{"heading":"Image with text","heading_size":"h1"}},"image-with-text-1-text":{"type":"text","settings":{"text":"<p>Pair text with an image to focus on your chosen product, collection, or blog post. Add details on availability, style, or even provide a review.<\/p>","text_style":"body"}}},"block_order":["image-with-text-1-heading","image-with-text-1-text"],"settings":{"height":"adapt","desktop_image_width":"medium","layout":"text_first","desktop_content_position":"middle","desktop_content_alignment":"left","content_layout":"no-overlap","color_scheme":"background-1","mobile_content_alignment":"left","padding_top":32,"padding_bottom":36}},"multicolumn":{"type":"multicolumn","blocks":{"multicolumn-column-1":{"type":"column","settings":{"title":"Column","text":"<p>Pair text with an image to focus on your chosen product, collection, or blog post. Add details on availability, style, or even provide a review.<\/p>","link_label":"","link":""}},"multicolumn-column-2":{"type":"column","settings":{"title":"Column","text":"<p>Pair text with an image to focus on your chosen product, collection, or blog post. Add details on availability, style, or even provide a review.<\/p>","link_label":"","link":""}},"multicolumn-column-3":{"type":"column","settings":{"title":"Column","text":"<p>Pair text with an image to focus on your chosen product, collection, or blog post. Add details on availability, style, or even provide a review.<\/p>","link_label":"","link":""}}},"block_order":["multicolumn-column-1","multicolumn-column-2","multicolumn-column-3"],"settings":{"title":"","image_width":"half","image_ratio":"adapt","column_alignment":"center","background_style":"none","button_label":"","button_link":"","swipe_on_mobile":true,"color_scheme":"background-1","padding_top":0,"padding_bottom":100}},"41908620ddf08712d2":{"type":"apps","settings":{"include_margins":false}},"1646138900cfc3dd13":{"type":"sswinstagram","settings":{"option_galleries_id":"data-gallery_id=\"1\" data-widget=\"0\""}}},"order":["slideshow","featured_collection","collage","image-with-text-0","newsletter","image-with-text-1","multicolumn","41908620ddf08712d2","1646138900cfc3dd13"]}